district_en,district_bn,division_en,division_bn
Dhaka,ঢাকা,Dhaka,ঢাকা
Faridpur,ফরিদপুর,Dhaka,ঢাকা
Gazipur,গাজীপুর,Dhaka,ঢাকা
Gopalganj,গোপালগঞ্জ,Dhaka,ঢাকা
Kishoreganj,কিশোরগঞ্জ,Dhaka,ঢাকা
Madaripur,মাদারীপুর,Dhaka,ঢাকা
Manikganj,মানিকগঞ্জ,Dhaka,ঢাকা
Munshiganj,মুন্সিগঞ্জ,Dhaka,ঢাকা
Narayanganj,নারায়ণগঞ্জ,Dhaka,ঢাকা
Narsingdi,নরসিংদী,Dhaka,ঢাকা
Rajbari,রাজবাড়ী,Dhaka,ঢাকা
Shariatpur,শরীয়তপুর,Dhaka,ঢাকা
Tangail,টাঙ্গাইল,Dhaka,ঢাকা
Jamalpur,জামালপুর,Mymensingh,ময়মনসিংহ
Mymensingh,ময়মনসিংহ,Mymensingh,ময়মনসিংহ
Netrokona,নেত্রকোনা,Mymensingh,ময়মনসিংহ
Sherpur,শেরপুর,Mymensingh,ময়মনসিংহ
Bandarban,বান্দরবান,Chattogram,চট্টগ্রাম
Brahmanbaria,ব্রাহ্মণবাড়িয়া,Chattogram,চট্টগ্রাম
Chandpur,চাঁদপুর,Chattogram,চট্টগ্রাম
Chattogram,চট্টগ্রাম,Chattogram,চট্টগ্রাম
CoxsBazar,কক্সবাজার,Chattogram,চট্টগ্রাম
Cumilla,কুমিল্লা,Chattogram,চট্টগ্রাম
Feni,ফেনী,Chattogram,চট্টগ্রাম
Khagrachhari,খাগড়াছড়ি,Chattogram,চট্টগ্রাম
Lakshmipur,লক্ষ্মীপুর,Chattogram,চট্টগ্রাম
Noakhali,নোয়াখালী,Chattogram,চট্টগ্রাম
Rangamati,রাঙ্গামাটি,Chattogram,চট্টগ্রাম
Habiganj,হবিগঞ্জ,Sylhet,সিলেট
Moulvibazar,মৌলভীবাজার,Sylhet,সিলেট
Sunamganj,সুনামগঞ্জ,Sylhet,সিলেট
Sylhet,সিলেট,Sylhet,সিলেট
Bogura,বগুড়া,Rajshahi,রাজশাহী
Chapainawabganj,চাঁপাইনবাবগঞ্জ,Rajshahi,রাজশাহী
Joypurhat,জয়পুরহাট,Rajshahi,রাজশাহী
Naogaon,নওগাঁ,Rajshahi,রাজশাহী
Natore,নাটোর,Rajshahi,রাজশাহী
Pabna,পাবনা,Rajshahi,রাজশাহী
Rajshahi,রাজশাহী,Rajshahi,রাজশাহী
Sirajganj,সিরাজগঞ্জ,Rajshahi,রাজশাহী
Dinajpur,দিনাজপুর,Rangpur,রংপুর
Gaibandha,গাইবান্ধা,Rangpur,রংপুর
Kurigram,কুড়িগ্রাম,Rangpur,রংপুর
Lalmonirhat,লালমনিরহাট,Rangpur,রংপুর
Nilphamari,নীলফামারী,Rangpur,রংপুর
Panchagarh,পঞ্চগড়,Rangpur,রংপুর
Rangpur,রংপুর,Rangpur,রংপুর
Thakurgaon,ঠাকুরগাঁও,Rangpur,রংপুর
Bagerhat,বাগেরহাট,Khulna,খুলনা
Chuadanga,চুয়াডাঙ্গা,Khulna,খুলনা
Jashore,যশোর,Khulna,খুলনা
Jhenaidah,ঝিনাইদহ,Khulna,খুলনা
Khulna,খুলনা,Khulna,খুলনা
Kushtia,কুষ্টিয়া,Khulna,খুলনা
Magura,মাগুরা,Khulna,খুলনা
Meherpur,মেহেরপুর,Khulna,খুলনা
Narail,নড়াইল,Khulna,খুলনা
Satkhira,সাতক্ষীরা,Khulna,খুলনা
Barguna,বরগুনা,Barishal,বরিশাল
Barishal,বরিশাল,Barishal,বরিশাল
Bhola,ভোলা,Barishal,বরিশাল
Jhalokathi,ঝালকাঠি,Barishal,বরিশাল
Patuakhali,পটুয়াখালী,Barishal,বরিশাল
Pirojpur,পিরোজপুর,Barishal,বরিশাল
