District,Population,Area_sqkm,Density_per_sqkm,Average_NDVI
Bagerhat,1476090,3959,372,0.55
Bandarban,388335,4479,86,0.68
Barguna,892781,1831,487,0.52
Barishal,2324310,2784,834,0.48
Bhola,1776795,3403,522,0.50
Bogura,3400874,2919,1165,0.45
Brahmanbaria,2840498,1927,1474,0.46
Chandpur,2416018,1704,1417,0.44
Chattogram,7616352,5282,1441,0.38
Chuadanga,1129015,1177,959,0.47
Cox's Bazar,2289990,2491,919,0.58
Cumilla,5387288,3087,1745,0.43
Dhaka,12043977,1463,8228,0.22
Dinajpur,2990128,3437,870,0.50
Faridpur,1912969,2072,923,0.46
Feni,1437371,928,1548,0.41
Gaibandha,2379255,2179,1091,0.48
Gazipur,3403912,1800,1891,0.32
Gopalganj,1172415,1489,787,0.47
Habiganj,2089001,2636,792,0.56
Jamalpur,2292674,2031,1128,0.49
Jashore,2764547,2566,1077,0.46
Jhalokati,682669,749,911,0.49
Jhenaidah,1771304,1961,903,0.47
Joypurhat,913768,965,946,0.48
Khagrachhari,613917,2699,227,0.65
Khulna,2318527,4394,527,0.45
Kishoreganj,2911907,2688,1083,0.48
Kurigram,2069273,2236,925,0.49
Kushtia,1946838,1601,1216,0.46
Lakshmipur,1729188,1440,1200,0.45
Lalmonirhat,1256099,1241,1012,0.49
Madaripur,1165952,1144,1018,0.45
Magura,918419,1049,875,0.47
Manikganj,1392867,1378,1010,0.45
Meherpur,655392,716,915,0.48
Moulvibazar,1919062,2799,685,0.61
Munshiganj,1445660,954,1514,0.40
Mymensingh,5110272,4363,1171,0.49
Naogaon,2600157,3435,756,0.49
Narail,721668,990,728,0.48
Narayanganj,2948217,683,4315,0.28
Narsingdi,2224944,1140,1950,0.39
Natore,1706673,1896,900,0.48
Netrokona,2229642,2810,793,0.51
Nilphamari,1834231,1580,1160,0.49
Noakhali,3108083,3600,863,0.46
Pabna,2523179,2371,1064,0.47
Panchagarh,987644,1404,703,0.51
Patuakhali,1535854,3221,476,0.50
Pirojpur,1113257,1307,851,0.52
Rajbari,1049778,1118,938,0.46
Rajshahi,2595197,2407,1078,0.45
Rangamati,595979,6116,97,0.70
Rangpur,2881086,2367,1217,0.48
Satkhira,1985959,3858,514,0.53
Shariatpur,1155824,1181,978,0.45
Sherpur,1358325,1363,996,0.50
Sirajganj,3097489,2497,1240,0.46
Sunamganj,2467968,3669,672,0.54
Sylhet,3434188,3490,984,0.58
Tangail,3605083,3414,1055,0.47
Thakurgaon,1390042,1809,768,0.50
Nawabganj,1647521,1702.55,968,0.45
